"X_scanned [h]","Figure 2 Cohort 1 [mg/l]"
0,0.40851
0.4933333,0.9701091
1,1.163853
2.013333,0.9924423
3.013333,0.6895254
4,0.7467011
6.013333,0.3328438
8.026667,0.215989
12,0.1466872
