"X_scanned [h]","Figure 2 Cohort 1 [mg/l]"
0,0.03457125
0.52,2.610983
0.9866667,2.763858
2.013333,1.380489
3,0.5747418
4.013333,0.4957042
6.013333,0.1385736
8.013333,0.09627768
11.98667,0.06037951
