"X_scanned [h]","Figure 2 Cohort 1 [mg/l]"
0,0.08303767
0.4933333,4.11621
1,3.844535
2.013333,1.986955
3.013333,1.074735
4,0.5813199
6,0.2260482
8.013333,0.1450273
12.01333,0.06176953
