"X_scanned [h]","Figure 2 Cohort 1 [mg/l]"
0,0.1779967
0.4933333,0.6513865
1,0.8086174
2,1.163853
3,0.7638908
4.013333,0.40851
6.04,0.2420222
8.026667,0.1168276
12,0.07581175
