"h(1) [h]","ng/mL [mg/l]","ng/mL(1) [mg/l]"
0,1.260525,0.2903697
0.9619238,1.612841,0.3484436
2.004008,1.585739,0.2593969
4.008016,1.276012,0.2942412
7.895792,0.9159533,0.09678992
12.02405,0.6100973,0.1897082
