"h(1) [h]","ng/mL [mg/l]","ng/mL(1) [mg/l]"
0,0.8075019,0.1252172
1.004016,0.9028165,0.1401685
1.967871,0.9121611,0.1270861
3.975904,0.8149775,0.1607266
8.11245,0.674809,0.07849438
12.04819,0.5066068,0.07101874
